,id,nombre,apellido,email,activado
0,1,Lope,Perales,pascualperera@vila.es,1
1,2,Isaura,Canet,gmerino@rocamora.es,1
2,3,Olga,Chaves,amayaprats@llado.com,1
3,4,Celestino,Hoyos,chedelgado@moraleda-pintor.com,1
4,5,Miguel,Milla,inigoprat@gmail.com,1
5,6,Roberta,Saura,asuncion49@hotmail.com,1
6,7,Horacio,Solera,arecio@fajardo-palacios.org,1
7,8,Rosario,Zaragoza,benigno49@yahoo.com,1
8,9,Jennifer,Parra,fabiangabaldon@hotmail.com,1
9,10,Elpidio,Vázquez,albano62@hotmail.com,1
10,11,Brígida,Reina,ciro50@rosell.net,1
11,12,Salvador,Salom,eutimiocastello@miguel.com,1
12,13,Vera,Rius,tonopujol@hotmail.com,1
13,14,Severo,Valencia,busquetsherberto@vilar-tamayo.org,1
14,15,Reyes,Palmer,rocamoraponcio@hotmail.com,1
15,16,Bernardo,Catalá,matilde59@alonso.es,1
16,17,Calista,Alberto,prudenciamayoral@costa-iglesia.com,1
17,18,Graciano,Luna,climaco08@hotmail.com,1
18,19,Moisés,Sancho,tito97@gonzalez-heredia.es,1
19,20,Imelda,Verdejo,bernaljoaquina@reyes.com,1
20,21,Julia,Casal,wrevilla@castrillo.com,1
21,22,Fabiola,Mateo,linaresjose-antonio@luque.org,1
22,23,Diana,Lasa,davilamodesta@hotmail.com,1
23,24,Estrella,Marín,tduran@yahoo.com,1
24,25,Mauricio,Contreras,mamensaavedra@quintana.com,1
25,26,Narciso,Esteve,lucenamelania@yahoo.com,1
26,27,Eladio,Alfaro,florenciamurcia@gmail.com,1
27,28,Sergio,Solana,vinasheriberto@hotmail.com,1
28,29,Nuria,Segovia,mugicaedmundo@torre.es,1
29,30,Aurora,Saldaña,molllola@yahoo.com,1
30,31,Angelita,Bueno,vizcainosalvador@carnero.com,1
31,32,Remigio,Garay,plujan@gmail.com,1
32,33,Laura,Solsona,ogarcia@hotmail.com,1
33,34,Amelia,Cruz,anita54@patino.org,1
34,35,Mauricio,Alvarez,rsalinas@granados.net,1
35,36,Gerardo,Rincón,melania43@yahoo.com,1
36,37,Verónica,Anglada,bernarditaaguila@hotmail.com,1
37,38,Águeda,Jara,mireiaibanez@gmail.com,1
38,39,Jovita,Lluch,chema10@luque-caballero.es,1
39,40,Rosa,Manuel,panaya@hotmail.com,1
40,41,Aurora,Fajardo,floresborja@aguirre.es,1
41,42,Lorena,Salmerón,floravila@hotmail.com,1
42,43,Maximiliano,Molins,merinosilvio@pomares.com,1
43,44,Amanda,Solís,enriqueziris@hotmail.com,1
44,45,Rubén,Cuenca,veronica17@prat-estevez.com,1
45,46,Moreno,Cárdenas,amancio86@batalla.net,1
46,47,Eva María,Alberola,elisabetgalvez@hotmail.com,1
47,48,Aroa,Diéguez,uribejenny@gmail.com,1
48,49,Maricruz,Santos,ignacia08@cortes.org,1
49,50,Olimpia,Arteaga,roman81@villaverde.es,1
50,51,Toribio,Cuéllar,ramonavalera@luna-tejera.com,1
51,52,Desiderio,Pedrosa,wnogues@gmail.com,1
52,53,Toribio,Iriarte,xbaro@segura-serrano.com,1
53,54,Yéssica,Carreras,fabricio93@mancebo-ayllon.com,1
54,55,Eugenio,Contreras,maria-belen36@gmail.com,1
55,56,Donato,Echeverría,rbernat@uria.net,1
56,57,Visitación,Benavides,segismundotoro@hotmail.com,1
57,58,Crescencia,Arenas,ypina@aparicio.es,1
58,59,Edelmiro,Carrión,poncio72@gmail.com,1
59,60,Severo,Neira,rubenmaldonado@munoz-lastra.net,1
60,61,Martin,Duran,gomezedmundo@salinas-carbajo.net,1
61,62,Lorenza,Uriarte,dcepeda@gmail.com,1
62,63,Eutimio,Báez,lupedaza@hotmail.com,1
63,64,Eduardo,Rivera,riberamarcelo@puga.es,1
64,65,Narciso,Esparza,bribera@hotmail.com,1
65,66,Francisca,Trujillo,rrincon@pascual.es,1
66,67,Amor,Durán,cepedabernardita@rebollo-canas.org,1
67,68,Félix,Español,asdrubal62@gmail.com,1
68,69,Reinaldo,Murcia,pechevarria@chaves.org,1
69,70,Haroldo,Rico,anselmasoria@cervera-rivero.net,1
70,71,Ariadna,Peñas,baldomero81@gmail.com,1
71,72,Alberto,Alba,eligia58@villa.net,1
72,73,Cristian,Murcia,pozaasdrubal@yahoo.com,1
73,74,Francisco Jose,Miguel,dbarral@lopez.es,1
74,75,Demetrio,Pedrero,faustino73@aguilar.com,1
75,76,Ceferino,Rosa,xaviersoler@royo-novoa.org,1
76,77,Verónica,Acero,carrascocloe@saavedra.es,1
77,78,Noé,Francisco,francisco-jose84@yahoo.com,1
78,79,Claudia,Mate,acedomaxima@arco.com,1
79,80,Guadalupe,Falcón,riverofito@hotmail.com,1
80,81,Priscila,Pi,dhurtado@cortes-falcon.org,1
81,82,Amancio,Olmo,quirino15@yahoo.com,1
82,83,Mariano,Alsina,jesusvizcaino@salvador.com,1
83,84,Teodosio,Vaquero,cintia98@gmail.com,1
84,85,Victor Manuel,Mateos,americobaena@ibanez.es,1
85,86,Maricela,Tovar,camiloriquelme@yahoo.com,1
86,87,Benita,Zapata,mnaranjo@hotmail.com,1
87,88,Sarita,Comas,tpujol@hotmail.com,1
88,89,Moisés,Sevilla,federico22@gmail.com,1
89,90,Ariel,Contreras,francisco-josecasado@puente.com,1
90,91,Raimundo,Moll,vaqueroezequiel@canet.es,1
91,92,Ruperto,Sala,hierrojuan-francisco@yahoo.com,1
92,93,Custodio,Naranjo,gabaldonmaxi@sala.es,1
93,94,Cecilio,Millán,blasviana@hotmail.com,1
94,95,Glauco,Lorenzo,diegobelen@yahoo.com,1
95,96,Flavio,Abril,fito06@cobos.com,1
96,97,Ambrosio,Alberola,irisduenas@gmail.com,1
97,98,Claudia,Jordán,qcanals@rodriguez-tello.com,1
98,99,Manuel,Morcillo,pereiraherminio@hotmail.com,1
99,100,Candelaria,Gracia,epozuelo@yahoo.com,1
100,101,Gaspar,Mendoza,mm@gmail.com,1
