id,nombre,apellido,activado
1,Lope,Perales,1
2,Isaura,Canet,1
3,Olga,Chaves,1
4,Celestino,Hoyos,1
5,Miguel,Milla,1
6,Roberta,Saura,1
7,Horacio,Solera,1
8,Rosario,Zaragoza,1
9,Jennifer,Parra,1
10,Elpidio,Vázquez,1
11,Brígida,Reina,1
12,Salvador,Salom,1
13,Vera,Rius,1
14,Severo,Valencia,1
15,Reyes,Palmer,1
16,Bernardo,Catalá,1
17,Calista,Alberto,1
18,Graciano,Luna,1
19,Moisés,Sancho,1
20,Imelda,Verdejo,1
21,Julia,Casal,1
22,Fabiola,Mateo,1
23,Diana,Lasa,1
24,Estrella,Marín,1
25,Mauricio,Contreras,1
26,Narciso,Esteve,1
27,Eladio,Alfaro,1
28,Sergio,Solana,1
29,Nuria,Segovia,1
30,Aurora,Saldaña,1
31,Angelita,Bueno,1
32,Remigio,Garay,1
33,Laura,Solsona,1
34,Amelia,Cruz,1
35,Mauricio,Alvarez,1
36,Gerardo,Rincón,1
37,Verónica,Anglada,1
38,Águeda,Jara,1
39,Jovita,Lluch,1
40,Rosa,Manuel,1
41,Aurora,Fajardo,1
42,Lorena,Salmerón,1
43,Maximiliano,Molins,1
44,Amanda,Solís,1
45,Rubén,Cuenca,1
46,Moreno,Cárdenas,1
47,Eva María,Alberola,1
48,Aroa,Diéguez,1
49,Maricruz,Santos,1
50,Olimpia,Arteaga,1
51,Toribio,Cuéllar,1
52,Desiderio,Pedrosa,1
53,Toribio,Iriarte,1
54,Yéssica,Carreras,1
55,Eugenio,Contreras,1
56,Donato,Echeverría,1
57,Visitación,Benavides,1
58,Crescencia,Arenas,1
59,Edelmiro,Carrión,1
60,Severo,Neira,1
61,Martin,Duran,1
62,Lorenza,Uriarte,1
63,Eutimio,Báez,1
64,Eduardo,Rivera,1
65,Narciso,Esparza,1
66,Francisca,Trujillo,1
67,Amor,Durán,1
68,Félix,Español,1
69,Reinaldo,Murcia,1
70,Haroldo,Rico,1
71,Ariadna,Peñas,1
72,Alberto,Alba,1
73,Cristian,Murcia,1
74,Francisco Jose,Miguel,1
75,Demetrio,Pedrero,1
76,Ceferino,Rosa,1
77,Verónica,Acero,1
78,Noé,Francisco,1
79,Claudia,Mate,1
80,Guadalupe,Falcón,1
81,Priscila,Pi,1
82,Amancio,Olmo,1
83,Mariano,Alsina,1
84,Teodosio,Vaquero,1
85,Victor Manuel,Mateos,1
86,Maricela,Tovar,1
87,Benita,Zapata,1
88,Sarita,Comas,1
89,Moisés,Sevilla,1
90,Ariel,Contreras,1
91,Raimundo,Moll,1
92,Ruperto,Sala,1
93,Custodio,Naranjo,1
94,Cecilio,Millán,1
95,Glauco,Lorenzo,1
96,Flavio,Abril,1
97,Ambrosio,Alberola,1
98,Claudia,Jordán,1
99,Manuel,Morcillo,1
100,Candelaria,Gracia,1
101,Gaspar,Mendoza,1
